<?xml version='1.0' encoding='utf-8'?>
<!DOCTYPE hibernate-configuration PUBLIC
    "-//Hibernate/Hibernate Configuration DTD//EN"
    "http://www.hibernate.org/dtd/hibernate-configuration-3.0.dtd">
<hibernate-configuration>
  <session-factory>
    <property name="connection.url">jdbc:mysql://localhost:3306/clase1_semana2</property>
    <property name="connection.driver_class">com.mysql.cj.jdbc.Driver</property>
    <property name="connection.username">root</property>
    <property name="connection.password">ilovelasranas2</property>
    <mapping resource="ClientesEntity.hbm.xml"/>
    <mapping resource="DireccionesEntity.hbm.xml"/>
    <mapping resource="EsposasEntity.hbm.xml"/>
    <!-- <property name="connection.username"/> -->
    <!-- <property name="connection.password"/> -->

    <!-- DB schema will be updated if needed -->
    <!-- <property name="hibernate.hbm2ddl.auto">update</property> -->
  </session-factory>
</hibernate-configuration>