<?xml version="1.0" encoding="UTF-8"?>
<project-private xmlns="http://www.netbeans.org/ns/project-private/1">
    <editor-bookmarks xmlns="http://www.netbeans.org/ns/editor-bookmarks/2" lastBookmarkId="0"/>
    <open-files xmlns="http://www.netbeans.org/ns/projectui-open-files/2">
        <group>
            <file>file:/C:/Users/D%20E%20L%20L/Documents/Nahomi/CICLO%20IV/Programación%20Avanzada/REPOSITORIO%20MATERIA/REPOSITORIO/Prueba%20Bimestral/bimestral/src/META-INF/persistence.xml</file>
            <file>file:/C:/Users/D%20E%20L%20L/Documents/Nahomi/CICLO%20IV/Programación%20Avanzada/REPOSITORIO%20MATERIA/REPOSITORIO/Prueba%20Bimestral/bimestral/src/bimestral/Hilo.java</file>
            <file>file:/C:/Users/D%20E%20L%20L/Documents/Nahomi/CICLO%20IV/Programación%20Avanzada/REPOSITORIO%20MATERIA/REPOSITORIO/Prueba%20Bimestral/bimestral/src/bimestral/Valores.java</file>
            <file>file:/C:/Users/D%20E%20L%20L/Documents/Nahomi/CICLO%20IV/Programación%20Avanzada/REPOSITORIO%20MATERIA/REPOSITORIO/Prueba%20Bimestral/bimestral/src/bimestral/Bimestral.java</file>
        </group>
    </open-files>
</project-private>
